<publishData>
  <publishTarget publishUrl="C:\WORK\send\web\">
    <file relUrl="PLUService.asmx" publishTime="2013-3-8 23:54:47" />
    <file relUrl="bin/BES.BLL.pdb" publishTime="2013-3-10 21:24:05" />
    <file relUrl="bin/BES.DAL.dll" publishTime="2013-3-10 21:24:05" />
    <file relUrl="bin/BES.Entities.dll" publishTime="2013-3-10 21:24:05" />
    <file relUrl="bin/BES.Common.pdb" publishTime="2013-3-10 21:24:05" />
    <file relUrl="CommonService.asmx" publishTime="2013-3-1 23:14:08" />
    <file relUrl="Web.config" publishTime="2013-3-2 10:20:24" />
    <file relUrl="bin/BES.Entities.pdb" publishTime="2013-3-10 21:24:05" />
    <file relUrl="bin/BES.Common.dll" publishTime="2013-3-10 21:24:05" />
    <file relUrl="bin/BES.BLL.dll" publishTime="2013-3-10 21:24:05" />
    <file relUrl="bin/BES.WebService.pdb" publishTime="2013-3-10 21:24:06" />
    <file relUrl="bin/BES.WebService.dll" publishTime="2013-3-10 21:24:07" />
    <file relUrl="UserService.asmx" publishTime="2013-3-2 11:05:28" />
    <file relUrl="bin/BES.DAL.pdb" publishTime="2013-3-10 21:24:05" />
  </publishTarget>
</publishData>